N_POINTS,N_THREADS,EXEC_TIME
10000000,1,0.15752267837524414
10000000,1,0.15838027000427246
10000000,1,0.15913105010986328
10000000,1,0.1580049991607666
10000000,1,0.16167140007019043
10000000,2,4.313187837600708
10000000,2,4.314016342163086
10000000,2,3.7863247394561768
10000000,2,4.331947565078735
10000000,2,3.783975601196289
10000000,4,2.8470094203948975
10000000,4,2.845651865005493
10000000,4,2.893927812576294
10000000,4,2.919623613357544
10000000,4,2.735671281814575
