N_POINTS,N_THREADS,EXEC_TIME
10000000,1,0.1904754638671875
10000000,1,0.20675992965698242
10000000,1,0.13736534118652344
10000000,1,0.18996453285217285
10000000,1,0.13745999336242676
10000000,2,0.16823983192443848
10000000,2,0.11755251884460449
10000000,2,0.11937165260314941
10000000,2,0.11918163299560547
10000000,2,0.1385197639465332
10000000,4,0.12882256507873535
10000000,4,0.11639976501464844
10000000,4,0.1398632526397705
10000000,4,0.1581099033355713
10000000,4,0.12004542350769043
