N_POINTS,N_THREADS,EXEC_TIME
10000000,1,0.11116886138916016
10000000,1,0.08093833923339844
10000000,1,0.08092927932739258
10000000,1,0.08080863952636719
10000000,1,0.081451416015625
10000000,2,0.0427396297454834
10000000,2,0.0431513786315918
10000000,2,0.043236494064331055
10000000,2,0.04307055473327637
10000000,2,0.0429081916809082
10000000,4,0.02432537078857422
10000000,4,0.024580717086791992
10000000,4,0.024437665939331055
10000000,4,0.024262189865112305
10000000,4,0.024122238159179688
